{"/home/piotr/Studia/myProjects/ChessGamesCompression/data/test_file.pgn": {"rank": {"Metrics": {"Number of bits per move": 5.510155316606929, "Number of bits per game": 358.2135922330097, "Compression ratio": 0.9546429063157688, "Size of source file": 101682, "Size of compressed file": 4612, "Total number of moves": 6696, "Total number of games": 103, "Distribution of results": {"1-0": 52, "0-1": 48, "1/2-1/2": 3}, "Piece movement frequency": {"k": 809, "q": 759, "r": 949, "b": 1046, "n": 1183, "p": 1950}, "Start square move frequency": {"a0": 74, "b0": 77, "c0": 39, "d0": 38, "e0": 55, "f0": 34, "g0": 64, "h0": 78, "a1": 119, "b1": 101, "c1": 60, "d1": 66, "e1": 64, "f1": 55, "g1": 114, "h1": 124, "a2": 139, "b2": 131, "c2": 106, "d2": 104, "e2": 88, "f2": 115, "g2": 125, "h2": 148, "a3": 154, "b3": 192, "c3": 82, "d3": 127, "e3": 121, "f3": 89, "g3": 197, "h3": 145, "a4": 151, "b4": 194, "c4": 88, "d4": 127, "e4": 119, "f4": 91, "g4": 204, "h4": 142, "a5": 180, "b5": 104, "c5": 154, "d5": 73, "e5": 83, "f5": 151, "g5": 109, "h5": 188, "a6": 160, "b6": 121, "c6": 58, "d6": 88, "e6": 96, "f6": 64, "g6": 100, "h6": 167, "a7": 42, "b7": 89, "c7": 49, "d7": 42, "e7": 59, "f7": 42, "g7": 94, "h7": 42}, "End square move frequency": {"a0": 19, "b0": 28, "c0": 78, "d0": 67, "e0": 76, "f0": 64, "g0": 16, "h0": 20, "a1": 27, "b1": 50, "c1": 94, "d1": 107, "e1": 108, "f1": 98, "g1": 65, "h1": 38, "a2": 63, "b2": 69, "c2": 180, "d2": 181, "e2": 156, "f2": 209, "g2": 55, "h2": 65, "a3": 83, "b3": 124, "c3": 125, "d3": 272, "e3": 261, "f3": 136, "g3": 138, "h3": 77, "a4": 81, "b4": 118, "c4": 133, "d4": 242, "e4": 244, "f4": 149, "g4": 144, "h4": 81, "a5": 54, "b5": 76, "c5": 235, "d5": 144, "e5": 151, "f5": 227, "g5": 66, "h5": 67, "a6": 98, "b6": 88, "c6": 107, "d6": 120, "e6": 143, "f6": 129, "g6": 68, "h6": 92, "a7": 36, "b7": 29, "c7": 98, "d7": 66, "e7": 89, "f7": 93, "g7": 45, "h7": 34}, "Time to compress the file": 3.6376545429229736}, "Source path": "/home/piotr/Studia/myProjects/ChessGamesCompression/data/test_file.pgn", "Encoded path": "/home/piotr/Studia/myProjects/ChessGamesCompression/compressed_data/test_file.pgn"}}}