{"/home/czewian/Studia/ChessGamesCompression/data/test_file.txt": {"rank": {"Metrics": {"Number of bits per move": 5.426814111348354, "Number of bits per game": 370.1913043478261, "Compression ratio": 0.9523610231435995, "Size of source file": 446819, "Size of compressed file": 21286, "Total number of moves": 31379, "Total number of games": 460, "Distribution of results": {"1-0": 221, "0-1": 219, "1/2-1/2": 20}, "Piece movement frequency": {"k": 4201, "q": 3697, "r": 4488, "b": 4644, "n": 5489, "p": 8860}, "Start square move frequency": {"a0": 339, "b0": 341, "c0": 197, "d0": 232, "e0": 245, "f0": 179, "g0": 327, "h0": 341, "a1": 569, "b1": 429, "c1": 242, "d1": 317, "e1": 348, "f1": 243, "g1": 472, "h1": 568, "a2": 672, "b2": 571, "c2": 591, "d2": 477, "e2": 458, "f2": 598, "g2": 585, "h2": 659, "a3": 690, "b3": 886, "c3": 443, "d3": 598, "e3": 576, "f3": 461, "g3": 920, "h3": 701, "a4": 691, "b4": 925, "c4": 418, "d4": 620, "e4": 565, "f4": 439, "g4": 949, "h4": 647, "a5": 847, "b5": 507, "c5": 735, "d5": 415, "e5": 384, "f5": 702, "g5": 494, "h5": 828, "a6": 725, "b6": 449, "c6": 289, "d6": 406, "e6": 420, "f6": 280, "g6": 507, "h6": 717, "a7": 192, "b7": 402, "c7": 208, "d7": 297, "e7": 261, "f7": 220, "g7": 364, "h7": 201}, "End square move frequency": {"a0": 103, "b0": 131, "c0": 339, "d0": 347, "e0": 350, "f0": 328, "g0": 125, "h0": 104, "a1": 183, "b1": 233, "c1": 419, "d1": 502, "e1": 580, "f1": 414, "g1": 251, "h1": 188, "a2": 346, "b2": 330, "c2": 926, "d2": 770, "e2": 747, "f2": 938, "g2": 317, "h2": 331, "a3": 361, "b3": 599, "c3": 693, "d3": 1147, "e3": 1178, "f3": 729, "g3": 617, "h3": 371, "a4": 363, "b4": 616, "c4": 592, "d4": 1123, "e4": 1213, "f4": 697, "g4": 676, "h4": 330, "a5": 250, "b5": 332, "c5": 1063, "d5": 693, "e5": 701, "f5": 1056, "g5": 338, "h5": 267, "a6": 450, "b6": 296, "c6": 480, "d6": 639, "e6": 673, "f6": 509, "g6": 353, "h6": 428, "a7": 146, "b7": 196, "c7": 360, "d7": 432, "e7": 399, "f7": 405, "g7": 161, "h7": 145}, "Time to compress the file": 108.413827419281}, "Source path": "/home/czewian/Studia/ChessGamesCompression/data/test_file.txt", "Encoded path": "/home/czewian/Studia/ChessGamesCompression/compressed_data/test_file.txt"}}}