{"/home/piotr/Studia/myProjects/ChessGamesCompression/src/../data/test_file.pgn": {"apm": {"Metrics": {"Number of bits per move": 16.4987012987013, "Number of bits per game": 1058.6666666666667, "Compression ratio": 0.8618437887022651, "Size of source file": 97701, "Size of compressed file": 13498, "Total number of moves": 6545, "Total number of games": 102, "Distribution of results": {"1-0": 51, "0-1": 48, "1/2-1/2": 3}, "Piece movement frequency": {"k": 767, "q": 754, "r": 908, "b": 1031, "n": 1171, "p": 1914}, "Start square move frequency": {"a0": 73, "b0": 76, "c0": 39, "d0": 36, "e0": 53, "f0": 32, "g0": 62, "h0": 77, "a1": 118, "b1": 100, "c1": 59, "d1": 65, "e1": 63, "f1": 53, "g1": 111, "h1": 123, "a2": 135, "b2": 130, "c2": 104, "d2": 100, "e2": 85, "f2": 111, "g2": 123, "h2": 144, "a3": 151, "b3": 188, "c3": 77, "d3": 123, "e3": 119, "f3": 86, "g3": 195, "h3": 142, "a4": 148, "b4": 191, "c4": 87, "d4": 124, "e4": 116, "f4": 90, "g4": 202, "h4": 140, "a5": 178, "b5": 103, "c5": 150, "d5": 71, "e5": 80, "f5": 146, "g5": 106, "h5": 186, "a6": 158, "b6": 119, "c6": 56, "d6": 86, "e6": 95, "f6": 61, "g6": 96, "h6": 164, "a7": 42, "b7": 88, "c7": 46, "d7": 40, "e7": 54, "f7": 39, "g7": 91, "h7": 39}, "End square move frequency": {"a0": 19, "b0": 28, "c0": 78, "d0": 65, "e0": 71, "f0": 62, "g0": 14, "h0": 19, "a1": 26, "b1": 50, "c1": 93, "d1": 106, "e1": 106, "f1": 96, "g1": 63, "h1": 38, "a2": 60, "b2": 69, "c2": 178, "d2": 177, "e2": 152, "f2": 205, "g2": 53, "h2": 62, "a3": 81, "b3": 121, "c3": 120, "d3": 268, "e3": 257, "f3": 133, "g3": 137, "h3": 75, "a4": 79, "b4": 114, "c4": 132, "d4": 236, "e4": 241, "f4": 148, "g4": 143, "h4": 80, "a5": 54, "b5": 75, "c5": 229, "d5": 142, "e5": 146, "f5": 220, "g5": 64, "h5": 66, "a6": 97, "b6": 87, "c6": 104, "d6": 118, "e6": 142, "f6": 124, "g6": 65, "h6": 90, "a7": 36, "b7": 29, "c7": 95, "d7": 64, "e7": 83, "f7": 90, "g7": 41, "h7": 29}, "Time to compress the file": 0.13368558883666992, "Time to decompress the file": 0.013469457626342773}, "Source path": "/home/piotr/Studia/myProjects/ChessGamesCompression/src/../data/test_file.pgn", "Encoded path": "/home/piotr/Studia/myProjects/ChessGamesCompression/src/../compressed_data/test_file.pgn"}}}